,City,Country,Latitude,Longitude,Date,Temp (Day),Humidity,Cloudiness,Wind Speed
0,busselton,au,-33.65,115.33,1586923200,68.49,36,17,15.79
1,boke,gn,10.94,-14.3,1586952000,106.2,18,47,1.48
2,port lincoln,au,-34.73,135.87,1586917800,78.62,25,100,18.1
3,carnarvon,au,-24.87,113.63,1586923200,80.6,47,31,22.53
4,lompoc,us,34.64,-120.46,1586894400,59.27,82,1,9.24
5,vaini,to,-21.2,-175.2,1586991600,77.61,69,95,8.25
6,cheremukhovo,ru,60.35,59.99,1586934000,36.41,92,100,3.33
7,puerto ayora,ec,-0.74,-90.35,1586887200,79,91,100,7.9
8,vila franca do campo,pt,37.72,-25.43,1586955600,57,65,70,22.84
9,codrington,ag,-38.27,141.97,1586916000,75.76,28,100,17.45
10,ushuaia,ar,-54.8,-68.3,1586966400,51.48,70,80,4.45
11,san miguel,pa,13.48,-88.18,1586883600,81.41,72,0,3.22
13,nuevo ideal,mx,24.89,-105.07,1586890800,60.06,13,100,8.12
15,mataura,pf,-46.19,168.86,1586908800,48,95,100,5.39
16,hobart,au,-42.88,147.33,1586916000,58.14,82,90,4.59
17,vila velha,br,-20.33,-40.29,1586959200,83.82,66,1,11.07
18,qaanaaq,gl,77.48,-69.36,1586966400,12.78,90,99,2.84
19,sorong,id,-0.88,131.25,1586919600,85.15,70,50,8.97
20,albany,au,42.6,-73.97,1586880000,39.02,41,90,5.01
21,clyde river,ca,70.47,-68.59,1586880000,-2.2,84,1,0.69
22,khatanga,ru,71.97,102.5,1586926800,7.09,90,68,3.33
23,bar harbor,us,44.39,-68.2,1586880000,40.48,86,20,4.65
24,arraial do cabo,br,-22.97,-42.03,1586959200,77.97,74,1,1.59
25,port alfred,za,-33.59,26.89,1586944800,68.65,71,76,2.91
26,buldana,in,20.53,76.18,1586932200,100.81,9,29,12.48
27,constitucion,mx,-35.33,-72.42,1586880000,53.17,62,6,6.17
28,aljezur,pt,37.32,-8.8,1586952000,64.24,61,28,15.93
30,rikitea,pf,-23.12,-134.97,1586894400,76.24,66,21,6.91
31,elesbao veloso,br,-6.2,-42.14,1586959200,80.74,76,72,5.57
33,barrow,us,71.29,-156.79,1586901600,10.4,85,90,12.33
34,avarua,ck,-21.21,-159.78,1586901600,80.6,65,77,9.95
35,voh,nc,-20.97,164.7,1586912400,79.93,79,83,7.02
36,tilichiki,ru,60.47,166.1,1586908800,23.76,96,100,8.57
37,punta arenas,cl,-53.15,-70.92,1586966400,50.9,65,100,4.09
38,cherskiy,ru,68.75,161.3,1586912400,8.38,94,100,8.55
39,nikolskoye,ru,59.7,30.79,1586941200,39.36,73,75,7.99
40,lebu,cl,-37.62,-73.65,1586880000,55.44,72,100,1.43
41,maracaju,br,-21.61,-55.17,1586876400,61.16,69,3,8.72
42,dudinka,ru,69.41,86.18,1586930400,9.86,81,9,9.44
43,atessa,it,42.07,14.45,1586948400,52.79,50,0,10.09
44,georgetown,sh,5.41,100.34,1586926800,87.85,68,53,6.35
45,bluff,nz,-46.6,168.33,1586908800,48,95,100,16.06
46,guarapari,br,-20.67,-40.5,1586959200,80.17,73,7,3.74
47,vangaindrano,mg,-23.35,47.6,1586937600,81.1,74,21,6.29
48,kaitangata,nz,-46.28,169.85,1586908800,51.17,71,100,10.09
50,leland,no,34.26,-78.04,1586883600,67.46,93,75,4.45
51,hamilton,bm,39.18,-84.53,1586883600,32.97,69,1,6.67
52,colesberg,za,-30.72,25.1,1586944800,58.64,40,0,3.02
53,hervey bay,au,-25.3,152.85,1586912400,78.17,57,75,14.94
54,nakonde,zm,-9.34,32.74,1586941200,75.52,45,83,2.64
55,tuktoyaktuk,ca,69.45,-133.04,1586894400,24.8,85,40,6.58
56,kandrian,pg,-6.22,149.55,1586916000,85.01,71,20,6.49
57,kapaa,us,22.08,-159.32,1586901600,76.14,88,1,8.05
58,bethel,us,41.37,-73.41,1586880000,47.44,61,90,4.68
59,ribeira grande,pt,38.52,-28.7,1586955600,56.17,69,12,25.72
60,faanui,pf,-16.48,-151.75,1586901600,83.14,67,25,6.08
61,victoria,sc,22.29,114.16,1586923200,74.68,53,20,2.75
62,waipawa,nz,-41.41,175.52,1586908800,54.84,47,73,12.06
63,sibolga,id,1.74,98.78,1586926800,84.31,76,66,3.98
64,mahebourg,mu,-20.41,57.7,1586937600,79.18,75,60,21.43
67,okhotsk,ru,59.38,143.3,1586916000,31.86,89,0,7.9
68,axim,gh,4.87,-2.24,1586952000,88.2,64,6,8.39
69,chuy,uy,-33.7,-53.46,1586962800,63.23,80,99,20.4
70,manono,cd,-7.3,27.42,1586944800,79.63,66,68,4.23
71,atuona,pf,-9.8,-139.03,1586896200,82.24,66,48,4.09
73,cape town,za,-33.93,18.42,1586944800,64.49,68,100,5.99
74,sao filipe,cv,14.9,-24.5,1586955600,73.76,71,82,7.43
75,ponta do sol,pt,32.67,-17.1,1586955600,64.74,65,58,11.43
76,taltal,cl,-25.4,-70.48,1586880000,58.6,78,9,1.07
77,richards bay,za,-28.78,32.04,1586941200,69.58,81,99,4.61
78,dikson,ru,73.51,80.55,1586930400,12.06,92,40,9.06
79,ostrovnoy,ru,68.05,39.51,1586941200,34.7,95,100,3.91
80,estelle,us,29.85,-90.11,1586887200,64.24,64,40,12.17
81,vanimo,pg,-2.67,141.3,1586916000,86.2,64,100,5.61
82,morondava,mg,-20.28,44.28,1586941200,87.19,58,0,5.97
84,henties bay,na,-22.12,14.28,1586948400,64.76,69,2,9.73
85,kisiwani,tz,-4.13,37.95,1586941200,83.3,49,92,3.85
86,puerto quijarro,bo,-17.78,-57.77,1586876400,71.98,73,26,3.6
87,butaritari,ki,3.07,172.79,1586908800,83.77,79,77,15.64
88,praia,cv,14.92,-23.51,1586955600,73.49,70,52,16.51
90,sioux lookout,ca,50.1,-91.92,1586887200,19.06,52,75,4.16
91,cabo san lucas,mx,22.89,-109.91,1586890800,68.11,45,5,11.3
92,bredasdorp,za,-34.53,20.04,1586944800,67.44,50,99,1.03
94,pochutla,mx,15.74,-96.47,1586887200,79,74,100,4.59
95,cartagena,es,10.4,-75.51,1586883600,80.08,79,0,10.94
97,pangnirtung,ca,66.15,-65.71,1586880000,9.14,81,98,5.46
98,airai,pw,-8.93,125.41,1586919600,74.16,49,91,4.18
99,bud,no,39.45,-86.18,1586883600,34.45,51,40,4.59
100,broken hill,au,-31.95,141.43,1586917800,84.2,23,1,18.01
101,vao,nc,-22.67,167.48,1586908800,74.71,74,91,13.33
102,monroe,us,43.15,-77.68,1586883600,34.7,80,90,11.86
103,lakes entrance,au,-37.88,147.98,1586916000,86,18,89,4.56
104,port elizabeth,za,-33.92,25.57,1586944800,71.73,61,18,2.21
105,fuyu,cn,45.18,124.82,1586919600,59.94,27,99,11.63
106,saint-philippe,re,-21.36,55.77,1586937600,76.33,69,39,15.66
107,mackay,au,-21.15,149.2,1586916000,79.16,69,40,17.83
108,hilo,us,19.73,-155.09,1586901600,73.8,65,90,11.99
109,xixiang,cn,35.16,112.86,1586923200,77.56,26,0,8.03
110,luanda,ao,-8.84,13.23,1586948400,83.55,75,94,9.08
111,salta,ar,-24.79,-65.41,1586966400,67.5,37,0,4.5
112,iracoubo,gf,5.48,-53.2,1586962800,82.74,68,17,8.59
113,andenes,no,69.31,16.12,1586944800,36.73,80,94,21.23
114,geraldton,au,-28.77,114.6,1586923200,73.4,46,89,15.9
115,faya,td,18.39,42.45,1586941200,68,42,21,13.2
116,miles city,us,46.41,-105.84,1586890800,32,73,20,3.67
117,bambous virieux,mu,-20.34,57.76,1586937600,79.12,76,59,21.32
118,ossora,ru,59.24,163.07,1586912400,25.95,89,2,4.63
119,kodiak,us,57.79,-152.41,1586901600,42.8,87,90,5.35
120,thinadhoo,mv,0.53,72.93,1586934000,85.41,62,46,2.37
121,hermiston,us,45.84,-119.29,1586890800,61.12,33,1,17.67
122,jamestown,sh,42.1,-79.24,1586883600,32.04,92,40,6.78
123,chokurdakh,ru,70.63,147.92,1586916000,-0.89,90,0,7.94
124,owando,cg,-0.48,15.9,1586944800,90.32,52,83,2.42
126,eravur,lk,7.77,81.61,1586932200,88.56,60,15,7.7
127,wageningen,sr,51.97,5.67,1586948400,57.2,46,100,2.28
128,skibbereen,ie,51.55,-9.27,1586952000,51.98,69,2,15.66
129,bozdar,pk,27.18,68.64,1586934000,92.46,34,0,11.86
130,vardo,no,70.37,31.11,1586941200,37.08,81,42,23.13
131,mount isa,au,-20.73,139.5,1586916000,93.2,26,35,12.44
132,hermanus,za,-34.42,19.23,1586944800,64.15,60,100,5.03
133,provideniya,ru,64.38,-173.3,1586991600,31.98,94,99,5.99
134,husavik,is,66.04,-17.34,1586955600,34.66,89,72,6.11
135,bubaque,gw,11.28,-15.83,1586955600,81,48,69,4.85
136,nargana,pa,9.44,-78.59,1586883600,79.07,79,39,4.38
137,zalantun,cn,48.0,122.72,1586919600,53.04,33,2,12.88
138,belyy yar,ru,53.6,91.39,1586926800,52.83,60,27,6.17
139,touho,nc,-20.78,165.23,1586908800,78.24,79,38,15.7
140,birao,cf,10.28,22.79,1586944800,96.21,8,8,12.88
141,york,gb,40.13,-77.0,1586883600,38.46,80,90,8.79
142,lagoa,pt,39.05,-27.98,1586955600,56.03,69,32,24.9
143,iqaluit,ca,63.75,-68.51,1586880000,15.39,66,75,9.28
144,yerbogachen,ru,61.28,108.01,1586923200,43.9,65,87,5.08
145,urumqi,cn,43.8,87.6,1586930400,64,41,68,13.02
146,oktyabrskoye,ru,43.06,44.74,1586941200,69.1,28,44,2.89
147,lavrentiya,ru,65.58,-171.0,1586991600,32.34,96,90,3.02
148,tiksi,ru,71.69,128.87,1586919600,6.75,94,100,15.3
149,nuevo progreso,mx,23.17,-97.95,1586887200,73.72,67,72,18.1
150,phalodi,in,27.13,72.37,1586932200,97.2,15,26,9.33
151,dingle,ie,11.0,122.67,1586919600,91.02,48,13,8.19
152,kizhinga,ru,51.85,109.91,1586923200,42.35,58,100,10.38
153,cidreira,br,-30.18,-50.21,1586962800,66.38,46,0,21.52
154,sur,om,22.57,59.53,1586937600,87.6,40,43,6.49
155,ayan,ru,56.45,138.17,1586916000,34.14,82,0,7.94
156,manzhouli,cn,49.6,117.43,1586923200,50.29,31,99,21.45
157,upernavik,gl,72.79,-56.15,1586962800,22.17,92,53,5.19
158,yellowknife,ca,62.46,-114.35,1586890800,30.09,68,75,6.73
160,lichinga,mz,-13.31,35.24,1586941200,75.99,46,1,4.05
161,hay river,ca,60.82,-115.8,1586890800,33.8,86,90,6.71
163,hofn,is,64.25,-15.21,1586955600,42.71,60,0,12.59
164,oyama,jp,36.3,139.8,1586916000,68.32,24,40,6.76
165,belmonte,br,-15.86,-38.88,1586959200,82.83,67,77,4.14
166,kavieng,pg,-2.57,150.8,1586912400,83.48,75,61,9.01
167,fortuna,us,40.6,-124.16,1586894400,52.72,71,1,5.57
168,naumburg,de,51.15,11.82,1586948400,55.47,53,58,10.78
170,mar del plata,ar,-38.0,-57.56,1586962800,60.78,68,10,17.78
171,lata,sb,40.16,-8.33,1586952000,63.66,57,83,14.56
172,lugo,es,43.0,-7.5,1586952000,61.27,58,98,6.98
173,naze,jp,28.37,129.48,1586919600,68.92,56,75,2.01
174,goderich,sl,43.75,-81.72,1586883600,32.77,61,35,14.88
175,chippewa falls,us,44.94,-91.39,1586887200,22.64,73,90,5.48
176,port hardy,ca,50.7,-127.42,1586894400,55.4,71,40,18.88
177,atar,mr,20.52,-13.05,1586952000,89.53,12,0,0.6
178,kaltasy,ru,55.97,54.8,1586937600,50.45,60,97,6.6
179,grindavik,is,63.84,-22.43,1586955600,40.69,69,93,27.22
180,haines junction,ca,60.75,-137.51,1586898000,39.2,62,56,3.89
181,ozernovskiy,ru,51.5,156.52,1586912400,32.07,89,100,6.42
182,torbay,ca,47.67,-52.73,1586964600,35.96,80,71,5.19
184,grand gaube,mu,-20.01,57.66,1586937600,79.25,76,18,24.81
185,manokwari,id,-0.87,134.08,1586919600,85.44,64,89,5.08
186,flinders,au,-34.58,150.86,1586912400,79.2,39,71,8.99
187,san antonio,cl,29.42,-98.49,1586887200,54.48,62,1,12.55
188,takoradi,gh,4.88,-1.76,1586952000,87.71,66,32,9.78
189,isangel,vu,-19.55,169.27,1586908800,82.76,66,100,6.89
190,souillac,mu,-20.52,57.52,1586937600,79.34,74,56,20.58
191,nurota,uz,40.56,65.69,1586934000,57.52,54,0,14.5
192,vila,vu,42.03,-8.16,1586952000,53.44,58,90,14.29
193,edd,er,13.93,41.69,1586941200,83.46,63,100,12.73
194,gubkin,ru,51.28,37.55,1586941200,45.99,49,64,16.51
195,parabel,ru,58.7,81.48,1586930400,40.66,91,100,7.99
196,aklavik,ca,68.22,-135.01,1586894400,35.6,64,75,9.01
198,barentu,er,15.11,37.59,1586941200,90.12,12,0,7.43
199,klaksvik,fo,62.23,-6.59,1586952000,45.68,82,100,24.79
200,nanortalik,gl,60.14,-45.24,1586962800,36.19,92,100,17.74
201,morros,br,-9.45,-46.3,1586962800,72.34,79,97,4.97
202,narsaq,gl,60.92,-46.05,1586962800,36.77,89,100,9.75
203,tasiilaq,gl,65.61,-37.64,1586959200,28.04,88,85,3.31
204,kruisfontein,za,-34.0,24.73,1586944800,71.35,49,0,1.81
205,akure,ng,7.25,5.19,1586948400,98.6,35,97,3.13
206,mongomo,gq,1.63,11.31,1586948400,89.87,46,87,0.56
207,luderitz,na,-26.65,15.16,1586944800,72.03,31,0,15.7
208,beloha,mg,-25.17,45.05,1586937600,92.97,31,0,7.4
210,winslow,us,35.02,-110.7,1586890800,41.85,52,1,3.51
211,hasaki,jp,35.73,140.83,1586916000,66.36,42,75,10.69
212,bandarban,bd,22.2,92.23,1586926800,96.28,50,10,6.98
213,tawang,in,27.58,91.87,1586928600,64.87,15,0,6.82
214,soyo,ao,-6.13,12.37,1586948400,86.11,72,100,8.59
215,kotovsk,ru,47.75,29.53,1586944800,46,49,28,16.11
216,hobyo,so,5.35,48.53,1586937600,88.47,59,7,11.05
217,puerto del rosario,es,28.5,-13.86,1586952000,67.53,57,77,6.06
218,port macquarie,au,-31.43,152.92,1586912400,80.17,50,0,8.84
219,dossor,kz,47.53,52.98,1586937600,64.27,26,4,26.51
220,batemans bay,au,-35.72,150.18,1586912400,74.93,76,42,8.1
221,adrar,dz,20.5,-10.07,1586952000,89.98,27,0,10.85
222,sabac,rs,44.75,19.69,1586944800,48.34,55,0,7.11
223,majene,id,-3.54,118.97,1586923200,87.8,59,75,3.62
224,kiama,au,-34.68,150.87,1586912400,76.62,39,65,9.4
225,waitati,nz,-45.75,170.57,1586908800,52.54,64,100,8.37
226,tuatapere,nz,-46.13,167.68,1586908800,48,95,100,2.73
227,amahai,id,-3.33,128.92,1586919600,81.54,77,91,5.95
229,grand-santi,gf,4.25,-54.38,1586962800,89.1,46,100,3.94
230,dali,cn,25.7,100.18,1586926800,78.57,14,0,7.29
231,marzuq,ly,14.4,46.47,1586937600,86.61,27,0,10.04
232,balkhash,kz,46.84,74.98,1586930400,49.5,43,0,12.53
233,sena madureira,br,-9.07,-68.66,1586880000,75.47,84,63,1.61
234,cordoba,ar,-31.41,-64.18,1586966400,69.8,27,0,6.82
235,nueva germania,py,-23.9,-56.57,1586876400,55.33,57,0,3.71
236,shelburne,ca,44.08,-80.2,1586883600,29.44,68,75,6.71
237,novaya zaimka,ru,56.49,66.92,1586934000,42.53,64,94,9.26
238,san cosme y damian,py,-27.32,-56.35,1586876400,51.35,65,0,2.89
239,kalmunai,lk,7.42,81.82,1586932200,89.11,57,30,6.76
240,ilulissat,gl,69.22,-51.1,1586962800,24.13,87,79,10.63
241,tambura,sd,5.6,27.47,1586944800,95.04,29,90,1.32
242,borba,br,-4.39,-59.59,1586876400,73.53,97,98,1.52
243,jackson,us,42.42,-122.83,1586894400,61.02,22,1,5.1
244,ibirite,br,-20.02,-44.06,1586959200,79.77,44,61,5.7
245,saint george,bm,37.1,-113.58,1586890800,48.6,25,1,2.24
246,hithadhoo,mv,-0.6,73.08,1586934000,84.97,65,23,2.06
247,coihaique,cl,-45.58,-72.07,1586880000,48.2,87,90,2.51
248,san patricio,mx,19.22,-104.7,1586887200,69.89,75,100,3.96
251,pacific grove,us,36.62,-121.92,1586894400,60.13,34,1,4.61
252,manicore,br,-5.81,-61.3,1586880000,75.2,100,75,2.24
253,enshi,cn,30.3,109.48,1586923200,73.51,43,0,1.41
254,jinchang,cn,38.5,102.17,1586926800,71.02,13,18,19.62
255,east london,za,-33.02,27.91,1586944800,67.3,78,83,8.37
256,prince rupert,ca,54.32,-130.32,1586894400,46.4,93,90,2.93
258,muli,mv,2.92,73.57,1586934000,85.33,65,28,4.34
259,matara,lk,5.95,80.54,1586932200,87.75,63,42,6.82
260,sitka,us,57.05,-135.33,1586898000,46.4,87,90,0.49
261,sobolevo,ru,54.43,31.9,1586941200,37.02,74,100,14.36
262,xai-xai,mz,-25.05,33.64,1586941200,78.03,73,82,8.86
263,vostok,ru,46.49,135.88,1586916000,42.69,42,38,8.81
264,solnechnyy,ru,50.72,136.63,1586916000,42.73,54,82,12.28
265,huarmey,pe,-10.07,-78.15,1586883600,72.57,78,3,8.39
266,saint-joseph,re,-21.37,55.62,1586937600,78.22,61,17,16.89
267,ariquemes,br,-9.91,-63.04,1586880000,73.44,93,85,1.66
268,pasni,pk,25.26,63.47,1586934000,83.95,57,16,5.7
269,sechura,pe,-5.56,-80.82,1586883600,77.04,68,0,8.61
270,calimanesti,ro,45.23,24.33,1586944800,50.85,37,0,2.21
271,kibala,ao,9.11,18.35,1586944800,98.38,30,12,5.19
272,chivay,pe,-15.64,-71.6,1586880000,43.95,19,79,2.91
273,khandyga,ru,62.67,135.6,1586916000,30.25,97,100,5.68
274,paamiut,gl,61.99,-49.67,1586962800,36.45,91,100,27.87
275,saldanha,za,-33.01,17.94,1586944800,61.93,76,90,9.46
276,bowen,au,-20.02,148.23,1586916000,82.78,65,75,18.3
277,castro,cl,-24.79,-50.01,1586962800,64.51,34,0,6.31
278,enugu,ng,6.44,7.49,1586948400,88.72,58,93,6.46
279,orocue,co,4.79,-71.34,1586880000,82.54,52,0,3.89
280,fos-sur-mer,fr,43.44,4.94,1586948400,65.23,39,4,20.11
282,baruun-urt,mn,46.68,113.28,1586923200,47.03,36,100,8.52
283,mugur-aksy,ru,50.35,90.5,1586926800,42.22,28,19,2.8
285,vanavara,ru,60.34,102.28,1586926800,50.47,57,0,3.22
286,monsenhor gil,br,-5.56,-42.61,1586959200,80.1,84,90,4.85
287,conde,br,-7.26,-34.91,1586959200,84.38,68,86,11.79
288,tabuk,sa,17.42,121.44,1586919600,84.13,58,31,5.14
290,longyearbyen,sj,78.22,15.64,1586944800,29.91,94,95,9.8
291,jabinyanah,tn,35.03,10.91,1586948400,68.43,63,1,10.31
292,pevek,ru,69.7,170.31,1586908800,13.39,92,21,2.57
293,kautokeino,no,69.01,23.04,1586944800,26.74,94,100,10.13
294,bull savanna,jm,17.89,-77.59,1586883600,74.98,82,2,6.62
295,uruzgan,af,32.83,66.0,1586935800,62.08,18,0,11.01
296,san lorenzo,bo,-25.33,-57.53,1586876400,55.4,87,0,4.59
298,caravelas,br,-17.71,-39.25,1586959200,85.51,58,69,5.75
299,hearst,ca,49.68,-83.67,1586883600,12.76,94,100,2.35
300,biak,id,-0.91,122.88,1586919600,85.78,61,84,1.92
301,qaqortoq,gl,60.72,-46.03,1586962800,37.04,86,100,13.35
302,beyneu,kz,45.32,55.2,1586937600,63.09,28,0,19.73
303,jacobabad,pk,28.28,68.44,1586934000,100.11,11,0,15.48
304,new norfolk,au,-42.78,147.06,1586916000,57.74,82,90,3.98
306,karia,gr,11.73,11.16,1586948400,104.45,6,5,12.66
307,cserkeszolo,hu,46.86,20.19,1586944800,48.49,48,14,6.31
308,benjamin constant,br,-4.38,-70.03,1586880000,75.2,100,75,2.77
309,kristiinankaupunki,fi,62.27,21.38,1586944800,39.22,73,87,19.71
310,tocopilla,cl,-22.09,-70.2,1586880000,64.27,62,0,1.25
311,kokomo,us,40.49,-86.13,1586883600,32.54,50,1,7.74
312,cuamba,mz,-14.8,36.54,1586941200,83.32,52,68,4.61
313,karangasem,id,-8.45,115.62,1586923200,86,84,20,3.83
314,toccoa,us,34.58,-83.33,1586883600,51.03,47,1,5.28
315,svetlaya,ru,46.54,138.33,1586916000,40.23,70,23,5.32
316,christchurch,nz,-43.53,172.63,1586908800,53.49,50,18,10.92
317,vestmannaeyjar,is,63.44,-20.27,1586955600,41.2,68,100,23.6
318,katangli,ru,51.71,143.23,1586916000,30.9,94,100,16.15
319,socorro,us,31.65,-106.3,1586890800,63.19,14,20,5.57
320,kodinar,in,20.79,70.7,1586932200,97.95,24,2,5.32
321,bjelovar,hr,45.9,16.85,1586944800,53.47,41,0,1.21
322,nambucca heads,au,-30.65,153.0,1586912400,78.94,54,0,8.5
323,turukhansk,ru,65.82,87.98,1586930400,33.69,97,81,5.75
324,policarpa,co,1.63,-77.46,1586883600,66.22,66,100,3.06
325,samarai,pg,-10.62,150.67,1586912400,83.8,76,7,9.6
326,nampula,mz,-15.12,39.27,1586941200,87.17,51,22,6.4
327,sisimiut,gl,66.94,-53.67,1586962800,27.39,86,100,10.98
328,fort nelson,ca,58.81,-122.7,1586894400,42.8,74,75,4.54
329,san quintin,mx,30.48,-115.95,1586890800,61.12,80,0,12.12
330,dongsheng,cn,39.82,109.98,1586923200,52,23,100,14.61
331,korla,cn,41.76,86.15,1586930400,76.93,14,94,14.38
332,ibra,om,22.69,58.53,1586937600,92.07,15,58,12.15
333,wajima,jp,37.4,136.9,1586916000,62.6,42,95,19.3
334,sungairaya,id,0.7,108.9,1586923200,89.58,57,40,4.5
336,mehran,ir,33.12,46.16,1586939400,76.98,21,-2,4.18
337,makokou,ga,0.57,12.86,1586948400,89.26,49,100,2.01
338,moron,mn,-34.65,-58.62,1586962800,62.8,51,0,8.93
339,selma,us,36.57,-119.61,1586890800,66.2,55,0,7.45
340,mbini,gq,1.57,9.61,1586948400,86.81,68,73,7.52
341,ostroda,pl,53.7,19.96,1586944800,42.58,83,100,15.99
342,srivardhan,in,18.03,73.02,1586932200,88,57,0,11.01
343,gharo,pk,24.74,67.59,1586934000,93.07,45,38,14.63
344,namakkal,in,11.22,78.17,1586932200,93.85,28,0,4.56
345,urengoy,ru,65.97,78.37,1586930400,25.88,97,94,10.67
346,yurimaguas,pe,-5.9,-76.08,1586883600,77.05,76,73,1.14
347,pitkyaranta,ru,61.57,31.48,1586941200,33.6,91,99,9.01
348,bien hoa,vn,10.95,106.82,1586923200,89.6,66,40,2.91
349,oxchuc,mx,16.85,-92.42,1586887200,63.39,47,99,1.95
350,itoman,jp,26.12,127.67,1586919600,69.24,56,75,8.77
351,saint-augustin,ca,51.23,-58.65,1586876400,28.18,91,0,13.56
352,dicabisagan,ph,17.08,122.42,1586919600,82.65,67,7,6.2
353,mehamn,no,71.04,27.85,1586944800,36.43,85,63,16.78
354,hokitika,nz,-42.72,170.97,1586908800,53.24,62,36,4.74
355,xianyang,cn,34.34,108.7,1586923200,70.38,43,93,0.49
356,bijie,cn,27.31,105.29,1586923200,65.26,41,15,3.78
357,anadyr,ru,64.75,177.48,1586908800,15.8,85,75,8.86
358,qasigiannguit,gl,68.82,-51.19,1586962800,24.76,88,99,7.76
359,alofi,nu,-19.06,-169.92,1586905200,82.4,69,75,10.6
360,rantepao,id,-2.97,119.9,1586923200,82.15,47,89,3.33
361,moussoro,td,13.64,16.49,1586944800,99.18,7,0,19.53
362,berlevag,no,70.86,29.09,1586944800,37.24,80,81,19.48
363,rovaniemi,fi,66.5,25.72,1586944800,34.88,85,98,5.73
364,tura,ru,25.52,90.22,1586928600,96.4,25,17,5.64
365,san juan,us,-31.54,-68.54,1586966400,72.81,25,10,3.71
366,sexsmith,ca,55.35,-118.79,1586890800,37.4,74,75,9.84
367,mahajanga,mg,-15.72,46.32,1586937600,87.87,54,0,12.57
368,san andres,co,12.58,-81.7,1586883600,82.4,74,40,14.07
369,ducheng,cn,23.24,111.53,1586923200,76.41,43,97,1.5
370,tateyama,jp,34.98,139.87,1586916000,66.36,37,75,16.35
371,sampit,id,-2.53,112.95,1586923200,91.71,55,0,3.4
372,springdale,ca,36.19,-94.13,1586887200,37.13,64,1,2.21
373,itarema,br,-2.92,-39.92,1586959200,84.22,72,29,1.41
374,talnakh,ru,69.49,88.4,1586930400,10.26,80,0,2.95
375,presidencia roque saenz pena,ar,-26.79,-60.44,1586966400,76.59,32,0,3.04
376,sinnamary,gf,5.38,-52.95,1586962800,82.87,66,47,7.61
377,port hedland,au,-20.32,118.57,1586923200,96.8,39,94,2.37
378,kvitok,ru,56.07,98.48,1586926800,58.59,31,4,8.25
379,kirensk,ru,57.79,108.11,1586923200,48.65,61,11,1.9
380,sambava,mg,-14.27,50.17,1586937600,83.16,68,3,13.67
381,leningradskiy,ru,69.38,178.42,1586908800,14.58,94,97,3.06
382,osmanabad,in,18.17,76.05,1586932200,99.19,11,0,12.57
383,arawa,pg,-6.21,155.54,1586912400,86.2,70,94,3.09
385,amapa,br,1.0,-52.0,1586962800,86.02,62,100,0.98
387,aripuana,br,-9.17,-60.63,1586880000,73.4,94,100,1.7
388,tazovskiy,ru,67.47,78.7,1586930400,16.16,90,1,9.15
389,alugan,ph,12.22,125.48,1586919600,84.33,65,1,7.34
390,ikom,ng,5.97,8.71,1586948400,90.77,58,70,4.09
391,garhakota,in,23.77,79.15,1586932200,104.56,11,18,3.09
392,etchojoa,mx,26.92,-109.63,1586890800,70,64,43,8.9
393,asyut,eg,27.18,31.18,1586941200,82.9,23,0,7.54
395,hare bay,ca,48.85,-54.01,1586964600,43.3,63,87,5.53
396,cabedelo,br,-6.98,-34.83,1586959200,83.97,74,70,13
397,straubing,de,48.88,12.57,1586948400,55.78,34,43,3
398,brae,gb,60.4,-1.35,1586952000,47.8,84,99,28.41
399,poya,nc,-21.35,165.15,1586908800,79.43,74,75,10.69
400,quang ngai,vn,15.12,108.8,1586923200,80.74,70,82,4.18
401,gambela,et,8.25,34.58,1586941200,100.22,22,80,4.9
402,salinopolis,br,-0.61,-47.36,1586962800,76.57,86,100,5.12
403,thompson,ca,55.74,-97.86,1586887200,10.4,51,5,5.5
404,nicoya,cr,10.15,-85.45,1586883600,73,87,24,2.26
405,saskylakh,ru,71.92,114.08,1586923200,0.48,91,98,11.81
407,buta,cd,2.79,24.73,1586944800,92.37,38,96,3.24
408,seoul,kr,37.57,126.98,1586919600,64.24,30,1,4.09
409,rawson,ar,-43.3,-65.1,1586966400,67.98,29,100,16.44
410,ban nahin,la,18.24,104.21,1586926800,95.43,37,29,4.88
411,bendigo,au,-36.77,144.28,1586916000,75.09,42,93,10.09
412,shubarkuduk,kz,49.14,56.49,1586937600,58.69,32,99,20.83
413,bulungu,cd,-4.55,18.6,1586944800,90.9,50,37,2.44
415,alekseyevsk,ru,57.84,108.35,1586923200,48.87,60,9,1.99
416,zacatepec,mx,18.65,-99.2,1586887200,81.84,21,0,3.06
417,paldiski,ee,59.36,24.05,1586944800,40.17,85,96,20.33
418,leshukonskoye,ru,64.9,45.76,1586937600,42.19,73,100,13.35
419,sao felix do xingu,br,-6.64,-51.99,1586962800,72.36,88,100,2.04
420,grand-lahou,ci,5.14,-5.02,1586952000,86.65,69,83,7.54
421,churapcha,ru,62.0,132.43,1586919600,33.4,91,100,11.59
423,hoi an,vn,15.88,108.33,1586923200,78.8,74,75,3.38
424,port antonio,jm,18.18,-76.46,1586883600,78.6,65,20,7.14
425,wagar,sd,16.15,36.2,1586941200,92.97,12,0,13.73
426,krasnyy klyuch,ru,55.39,56.65,1586937600,51.73,55,100,11.95
427,tigil,ru,57.8,158.67,1586912400,25.57,95,100,8.08
428,krasnoselkup,ru,65.7,82.47,1586930400,27.55,93,74,11.79
429,esperance,au,-33.87,121.9,1586919600,71.6,46,0,19.1
430,gap,fr,44.67,6.0,1586948400,51.04,40,64,4.63
431,kitimat,ca,54.05,-128.65,1586894400,50.61,71,40,3.29
432,tougue,gn,11.47,-11.6,1586952000,94.17,22,49,6.62
433,krasnyy kut,ru,50.95,46.97,1586937600,59.36,43,100,24.14
434,abalak,ne,58.13,68.59,1586934000,42.42,70,71,4.74
435,mercedes,ar,-34.65,-59.43,1586962800,64.06,44,0,9.57
436,sehithwa,bw,-20.47,22.72,1586944800,85.89,27,1,5.61
437,buraydah,sa,26.33,43.98,1586941200,77.61,21,0,9.69
439,erenhot,cn,43.65,111.98,1586923200,45.79,29,0,23.38
440,awbari,ly,26.59,12.78,1586948400,96.55,10,71,19.1
442,agadez,ne,19.75,10.25,1586948400,98.78,7,0,5.41
443,kavaratti,in,10.57,72.64,1586932200,85.14,68,54,2.86
444,yenagoa,ng,4.92,6.26,1586948400,88.23,68,52,3.98
445,bolgar,ru,54.95,49.07,1586937600,48.85,54,97,17.25
446,havelock,us,34.88,-76.9,1586883600,60.73,82,75,5.93
447,sangar,ru,63.92,127.47,1586919600,28.8,90,46,17.38
448,xicotencatl,mx,23.02,-98.88,1586887200,78.55,63,39,21.07
449,makakilo city,us,21.35,-158.09,1586901600,77.58,78,1,3.18
450,bilibino,ru,68.05,166.44,1586908800,17.19,84,72,0.63
451,aksha,ru,50.28,113.29,1586923200,50.49,31,100,16.93
452,krasnaya gora,ru,53.0,31.6,1586941200,42.1,58,99,17.72
453,norman wells,ca,65.28,-126.83,1586894400,37.4,55,20,2.37
454,urubicha,bo,-15.38,-62.95,1586880000,66.97,77,80,2.06
456,lahaina,us,20.88,-156.68,1586901600,74.26,83,40,6.53
457,harnosand,se,62.63,17.94,1586944800,42.73,63,21,17.52
458,manzanillo,mx,20.34,-77.12,1586883600,78.78,80,53,1.1
459,baykit,ru,61.67,96.37,1586926800,39.97,82,79,1.68
460,pinega,ru,64.7,43.39,1586941200,37.31,93,100,12.66
462,nelson bay,au,-32.72,152.15,1586912400,81.32,44,32,5.46
463,cariati,it,39.49,16.96,1586944800,53.58,59,17,24.76
464,jian,cn,27.12,114.98,1586923200,70.57,55,0,7.27
465,dillon,us,34.42,-79.37,1586883600,66.87,100,1,5.08
466,kukshi,in,22.2,74.75,1586932200,105.89,12,73,12.82
467,nioro,ml,13.35,-15.75,1586955600,97.68,12,67,10.38
468,charlottetown,ca,46.24,-63.13,1586966400,37.22,88,100,11.41
469,northam,au,51.03,-4.22,1586952000,53.4,66,32,11.12
470,mitzic,ga,0.78,11.55,1586948400,85.57,58,97,1.3
471,akot,in,21.1,77.06,1586932200,105.89,9,24,4.16
472,lensk,ru,60.73,114.93,1586923200,43.79,68,54,4.09
473,ligayan,ph,4.65,119.47,1586923200,83.7,64,58,6.44
474,upington,za,-28.45,21.26,1586944800,70.09,24,54,2.89
475,tucurui,br,-3.77,-49.67,1586962800,74.59,86,100,0.96
476,kokkola,fi,63.84,23.13,1586944800,34.65,93,98,3.69
477,vytegra,ru,61.01,36.45,1586941200,41.68,65,100,6.53
478,pouembout,nc,-21.13,164.9,1586912400,80.22,74,90,9.04
479,shizunai,jp,42.33,142.37,1586916000,43.66,62,97,3.06
480,ust-omchug,ru,61.15,149.63,1586916000,19.89,85,78,5.95
481,zeya,ru,53.75,127.27,1586919600,49.95,41,0,4.92
482,aransas pass,us,27.91,-97.15,1586887200,63.82,55,1,19.22
484,trelew,ar,-43.25,-65.31,1586966400,71.98,22,100,15.68
485,koungheul,sn,13.98,-14.8,1586952000,99.14,11,50,11.83
486,ahipara,nz,-35.17,173.17,1586908800,62.1,64,93,13.65
487,le port,re,-20.94,55.29,1586937600,80.22,64,22,3.91
488,altamirano,mx,16.88,-92.15,1586887200,67.03,44,98,1.36
490,petukhovo,ru,55.07,67.9,1586934000,44.46,57,62,16.6
491,les cayes,ht,18.2,-73.75,1586880000,77.49,81,22,4
492,sal rei,cv,16.18,-22.92,1586955600,71.02,78,84,17.72
493,progreso,mx,21.28,-89.67,1586883600,83.52,66,40,8.34
494,kaliua,tz,-5.06,31.79,1586941200,77.31,59,100,3.31
495,fort morgan,us,40.25,-103.8,1586887200,39.6,35,90,4.94
496,salalah,om,17.02,54.09,1586937600,85.15,54,63,11.72
497,necochea,ar,-38.55,-58.74,1586962800,61.77,55,0,12.68
498,kahului,us,20.89,-156.47,1586901600,74.26,74,20,9.08
499,hays,us,30.05,-98.03,1586887200,51.75,66,1,9.98
500,paidha,ug,2.42,30.99,1586941200,74.61,49,100,5.14
501,rio gallegos,ar,-51.62,-69.22,1586966400,55.36,56,99,3.11
502,nhulunbuy,au,-12.23,136.77,1586917800,87.8,66,40,14.74
503,plerin,fr,48.54,-2.78,1586952000,55.69,57,0,15.82
504,tabou,ci,4.42,-7.35,1586952000,86.56,68,48,5.48
505,caranavi,bo,-15.82,-67.55,1586880000,62.47,68,100,0.87
506,ucluelet,ca,48.93,-125.55,1586894400,52.81,86,0,0.51
508,udachnyy,ru,66.42,112.4,1586923200,15.8,52,100,6.67
509,novikovo,ru,51.15,37.89,1586941200,46.65,49,69,16.31
510,camacha,pt,33.08,-16.33,1586955600,60.82,69,64,15.05
511,penzance,gb,50.12,-5.54,1586952000,50.97,74,0,22.5
512,broome,au,42.25,-75.83,1586883600,36.97,59,90,8.46
513,damietta,eg,31.42,31.81,1586941200,70.29,47,22,5.61
514,kuching,my,1.55,110.33,1586923200,86,79,40,3.06
515,lucapa,ao,-8.42,20.74,1586944800,79.81,59,100,2.95
516,umba,ru,66.69,34.34,1586941200,32.41,97,65,7.2
517,sao pedro da aldeia,br,-22.84,-42.1,1586959200,81.81,67,4,3.6
518,eydhafushi,mv,5.1,73.07,1586934000,85.71,68,10,7.94
519,altoona,us,40.52,-78.39,1586883600,34.92,80,75,5.68
520,kuytun,cn,54.34,101.5,1586926800,54.52,31,0,6.53
521,yaan,cn,7.38,8.57,1586948400,95.14,44,66,7.74
522,lages,br,-27.82,-50.33,1586962800,59.29,32,0,9.31
523,pokosnoye,ru,55.53,101.05,1586926800,56.25,31,0,4.27
524,kaohsiung,tw,22.62,120.31,1586919600,80.11,34,40,10
525,kez,ru,57.9,53.72,1586937600,47.16,64,3,7.52
527,sao joao da barra,br,-21.64,-41.05,1586959200,80.94,73,40,6.67
528,bengkulu,id,-3.8,102.27,1586926800,83.68,77,99,3.06
529,sultanpur,in,26.27,82.07,1586932200,103.84,14,44,6.06
530,russell,nz,32.35,-85.2,1586883600,59.16,67,75,8.19
532,severo-kurilsk,ru,50.68,156.12,1586912400,31.75,96,100,18.99
533,rumford,us,44.55,-70.55,1586880000,39.13,60,20,5.17
534,oxelosund,se,58.67,17.1,1586944800,49.93,53,38,11.23
535,kolno,pl,53.41,21.93,1586944800,38.71,89,100,16.71
536,laramie,us,41.31,-105.59,1586890800,26.17,68,90,14.67
537,tahoua,ne,14.89,5.27,1586948400,105.91,6,63,12.24
538,stabat,id,3.76,98.45,1586926800,95,49,29,4.72
539,namibe,ao,-15.2,12.15,1586948400,80.82,58,7,7.9
540,jaisalmer,in,26.91,70.92,1586932200,97.29,17,18,13.69
541,labytnangi,ru,66.66,66.42,1586934000,33.33,97,100,8.61
542,charters towers,au,-20.1,146.27,1586916000,83.35,38,0,11.54
543,kaeo,nz,-35.1,173.78,1586908800,62.51,76,71,11.54
544,ust-kuyga,ru,70.02,135.6,1586916000,16.56,93,100,5.44
545,ippy,cf,6.27,21.22,1586944800,95.59,29,71,5.48
546,rawah,iq,34.48,41.91,1586941200,77.67,17,0,10.67
547,nautla,mx,20.22,-96.78,1586887200,78.78,89,100,6.85
548,polunochnoye,ru,60.87,60.42,1586934000,36.54,92,100,3.89
549,veseloyarsk,ru,51.28,81.11,1586930400,44.33,81,94,15.14
550,portland,au,45.52,-122.68,1586894400,55.04,58,20,4.36
551,saint-georges,gf,12.06,-61.75,1586880000,78.8,83,20,10.51
552,babushkin,ru,51.71,105.86,1586923200,39.2,60,12,4.81
553,sosnovo-ozerskoye,ru,52.52,111.54,1586923200,45.37,37,96,12.08
554,viransehir,tr,37.24,39.76,1586941200,67.46,33,25,5.39
555,guilin,cn,25.28,110.29,1586923200,71.6,53,0,4.83
557,mazamari,pe,-11.33,-74.53,1586880000,71.71,69,80,0.87
558,bonavista,ca,48.65,-53.11,1586964600,35.65,82,83,3.8
559,gravdal,no,68.12,13.5,1586948400,34.18,87,96,17.81
560,mana,gf,5.66,-53.78,1586962800,83.77,61,43,7.81
561,itupiranga,br,-5.13,-49.33,1586962800,78.26,76,100,3.27
562,cairns,au,-16.92,145.77,1586916000,84.02,55,90,13.6
563,te anau,nz,-45.42,167.72,1586908800,52.3,51,96,1.99
564,ulladulla,au,-35.35,150.47,1586912400,78.22,39,65,9.08
565,verkhnyaya inta,ru,65.98,60.31,1586934000,36.82,86,11,12.15
566,serebryanyy bor,ru,56.8,124.8,1586919600,37.38,56,41,5.21
567,jurmala,lv,56.97,23.77,1586944800,42.6,70,98,13.98
568,celestun,mx,20.87,-90.4,1586887200,79.36,88,57,11.61
570,cayenne,gf,4.93,-52.33,1586962800,83.37,61,9,6.22
571,gizo,sb,-8.1,156.84,1586912400,84.74,76,80,10.29
572,college,us,64.86,-147.8,1586898000,48.33,39,75,0.58
573,chapais,ca,49.78,-74.85,1586880000,23,79,90,7.9
574,kassiopi,gr,39.79,19.92,1586944800,60.67,68,5,11.63
575,komsomolskiy,ru,40.43,71.72,1586934000,56.82,65,87,5.93
576,inhambane,mz,-23.86,35.38,1586941200,82.33,73,25,8.41
577,abha,sa,18.22,42.51,1586941200,65.25,47,48,11.9
578,alice springs,au,-23.7,133.88,1586917800,89.6,12,0,3.29
579,zaysan,kz,47.47,84.87,1586930400,59.45,40,100,8.63
580,los angeles,cl,34.05,-118.24,1586890800,65.37,72,1,4
583,udobnaya,ru,44.19,41.55,1586941200,68.32,20,100,8.66
584,bereda,so,43.27,-7.54,1586952000,61.09,68,97,3.65
585,nabire,id,-3.37,135.48,1586916000,86.13,65,91,5.7
586,nagorsk,ru,59.32,50.81,1586937600,47.89,70,19,9.71
587,luleburgaz,tr,41.4,27.36,1586944800,42.24,89,95,13.96
588,luga,ru,58.74,29.85,1586944800,38.03,74,100,7.43
589,mount gambier,au,-37.83,140.77,1586917800,80.6,21,100,11.03
590,nusaybin,tr,37.08,41.22,1586941200,69.55,37,-10,7.63
591,bagdarin,ru,54.43,113.6,1586923200,45.1,37,100,2.21
592,ponta delgada,pt,37.73,-25.67,1586955600,57.78,66,62,25.08
593,ciudad bolivar,ve,8.12,-63.55,1586880000,81.86,57,99,15.79
594,okha,ru,53.57,142.95,1586916000,31.08,94,100,10.56
595,payo,ph,-3.75,103.64,1586926800,84.6,76,99,2.77
596,petropavlovsk-kamchatskiy,ru,53.05,158.65,1586912400,39.2,44,100,0.89
597,buchanan,lr,5.88,-10.05,1586952000,85.35,72,86,5.08
598,banda aceh,id,5.56,95.32,1586926800,87.49,66,15,7.63
599,bowmore,gb,34.94,-79.3,1586883600,66.88,77,20,9.8
600,maniitsoq,gl,65.42,-52.9,1586962800,31.48,93,100,20.09
601,svetlogorsk,ru,52.63,29.73,1586944800,43.36,55,100,17.49
602,pimentel,pe,-6.84,-79.93,1586883600,72.12,79,8,11.12
603,ambilobe,mg,-13.2,49.05,1586937600,90.64,46,0,7.45
604,mankapur,in,27.03,82.23,1586932200,105.57,14,20,2.08
605,cockburn town,bs,21.46,-71.14,1586880000,78.78,81,0,19.13
606,saint-pierre,pm,-21.34,55.48,1586937600,82.45,52,1,15.93
607,tselinnoye,ru,53.08,85.67,1586930400,53.04,57,51,5.59
608,ketchikan,us,55.34,-131.65,1586894400,48.2,87,75,5.55
609,zhigansk,ru,66.77,123.37,1586919600,17.51,91,19,14.58
610,mtambile,tz,-5.38,39.7,1586941200,82.17,81,100,11.5
611,kieta,pg,-6.22,155.63,1586912400,85.44,70,85,4.12
612,rio grande,br,-32.03,-52.1,1586962800,63.9,65,73,27.2
613,nanga eboko,cm,4.68,12.37,1586948400,99.03,29,100,1.14
614,kununurra,au,-15.77,128.73,1586919600,95,24,15,6.82
615,synya,ru,65.37,58.04,1586937600,39.74,81,46,2.89
616,nanakuli,us,21.39,-158.15,1586901600,77.61,78,1,2.26
618,mildura,au,-34.2,142.15,1586916000,82.69,17,97,17.78
619,adeje,es,28.12,-16.73,1586955600,64.53,55,100,7.58
620,gondanglegi,id,-7.75,112.01,1586923200,86.05,67,86,3.69
621,tomatlan,mx,19.93,-105.25,1586890800,65.64,78,11,0.22
622,bandundu,cd,-3.32,17.37,1586944800,91.13,52,82,2.95
623,punta alta,ar,-38.88,-62.07,1586966400,65.28,41,11,4.76
624,san cristobal,ec,7.77,-72.22,1586880000,67.12,63,2,2.64
625,hami,cn,42.8,93.45,1586926800,76.24,19,37,8.16
626,atambua,id,-9.11,124.89,1586919600,84,62,89,1.92
627,pisco,pe,-13.7,-76.22,1586883600,69.89,83,20,1.68
628,graaff-reinet,za,-32.25,24.53,1586944800,62.24,50,42,3.8
629,dawei,mm,14.08,98.2,1586925000,91.94,50,93,12.06
630,klyuchi,ru,52.27,79.17,1586930400,51.31,45,100,13.67
631,kutum,sd,14.2,24.67,1586944800,82.13,9,7,15.77
632,dunedin,nz,-45.87,170.5,1586908800,52.47,67,100,11.72
633,barra do bugres,br,-15.07,-57.18,1586876400,73.33,91,100,4.03
634,siloam springs,us,36.19,-94.54,1586887200,36.99,69,1,3.13
636,erzin,ru,36.96,36.2,1586941200,69.03,47,100,5.55
637,muros,es,42.78,-9.06,1586952000,61.63,67,83,8.08
638,pachino,it,36.72,15.09,1586944800,58.5,72,9,14.85
639,mezen,ru,65.85,44.24,1586941200,42.33,74,100,12.95
640,kraslava,lv,55.9,27.17,1586944800,36.45,89,100,12.91
641,marrakesh,ma,31.63,-8.01,1586952000,71.91,29,27,6.38
642,bac lieu,vn,9.29,105.72,1586923200,87.46,60,87,17.81
643,central point,us,42.38,-122.92,1586894400,61.61,22,1,4.38
644,altamont,us,42.21,-121.74,1586894400,52.03,37,1,9.13
